"","PseudoTime1","PseudoTime2"
"I18",9.71833170114975,NA
"I20",0.598800707590864,0.596062799745439
"I21",9.17480998730578,NA
"I22",8.69200646001311,8.58209373776489
"I23",NA,9.80254368797747
"I24",0,0
"J18",8.72436297022941,8.89116517156855
"J19",NA,9.23750984845238
"J20",5.16877760338428,5.15907088415117
"J21",9.17480998730578,NA
"J22",NA,9.02262578362511
"J23",7.70224049800799,7.7005872496329
"J24",8.39119192091321,8.36715578826359
